[{
  "Name": "bounce",
  "Description": "plugin to add nano-style 'smart home' and bounce cursor between matching brackets",
  "Tags": ["bounce", "smarthome"],
  "Versions": [
    {
      "Version": "1.1.2",
      "Url": "https://github.com/deusnefum/micro-bounce/archive/v1.1.2.zip",
      "Require": {
        "micro": ">=2.0.0"
      }
    },
    {
      "Version": "1.1.1",
      "Url": "https://github.com/deusnefum/micro-bounce/archive/v1.1.1.zip",
      "Require": {
        "micro": ">=2.0.0"
      }
    },
    {
       "Version": "1.1.0",
      "Url": "https://github.com/deusnefum/micro-bounce/archive/v1.1.0.zip",
      "Require": {
        "micro": ">=2.0.0"
      }
    },
    {
       "Version": "1.0.0",
      "Url": "https://github.com/deusnefum/micro-bounce/archive/v1.0.0.zip",
      "Require": {
        "micro": ">=2.0.0"
      }
    }    
  ]
}]
