[
    {
        "Name": "gotham-colors",
        "Description": "A very dark colorscheme",
        "Tags": [
            "gotham",
            "colors",
            "color",
            "themes",
            "theme",
            "colorschemes",
            "colorscheme",
            "dark"
        ],
        "Versions": [
            {
                "Version": "1.0.0",
                "Url": "https://github.com/novln/micro-gotham-colors/archive/1.0.0.zip",
                "Require": {
                    "micro": ">=1.1.3"
                }
            },
            {
                "Version": "1.1.0",
                "Url": "https://github.com/novln/micro-gotham-colors/archive/1.1.0.zip",
                "Require": {
                    "micro": ">=1.1.3"
                }
            }
        ]
    }
]
